Workbook

Sheet README
A1: 설문 결과 정리본
A3: 목적 | B3: 멀티에이전트 매칭 시스템(제안 기법) vs 베이스라인 블라인드 쌍대 비교 설문 원자료 및 정리 결과
A5: 시트 구성
A6: 설문 1차 응답(원본) | B6: 2025-09-09 실시. 구글폼 원본 양식 그대로 보존. 응답자 5인 전원 수록(제외자 표시 포함).
A7: 설문 2차 응답(원본) | B7: 2025-09-15 실시. 구글폼 원본 양식 그대로 보존. 응답자 3인.
A8: Ratings 통합 | B8: 1·2차 40문항 × 평가자 3인의 판정을 proposed/baseline으로 정리한 분석용 표.
A9: 평가자 프로필 | B9: 분석에 사용된 평가자 3인의 인적 정보.
A10: 분석 요약 | B10: 일치도·신뢰도 지표 집계(수식 기반).
A12: 평가자 식별
A13: A | B13: 1차 설문 1번째 응답자 = 2차 설문 1번째 응답자
A14: C | B14: 1차 설문 3번째 응답자 = 2차 설문 2번째 응답자
A15: E | B15: 1차 설문 5번째 응답자 = 2차 설문 3번째 응답자
B16: 1차 설문의 2번째·4번째 응답자(B·D)는 평가 기준에 대한 사전 설명 절차를 거치지 않은 상태에서 응답하여 분석에서 제외함. 제외는 응답 내용 확인 이전에 절차적 요건만을 근거로 결정하였음.
B17: 식별 근거: 1차 5인 중 3인 조합(총 10가지) 가운데 rating 원본의 불일치 문항(6번·11번)과 정확히 일치하는 조합은 (1,3,5)가 유일함.
A19: 판정 라벨
A20: proposed | B20: 제안 기법(멀티에이전트 매칭)이 제시한 후보를 선택
A21: baseline | B21: 베이스라인이 제시한 후보를 선택
B22: 원본 설문지에는 후보의 좌우 배치만 있고 라벨이 없으므로, rating 원본과 응답 텍스트를 교차 대조하여 라벨을 복원함(46건 매핑, 상충 0건).
A24: 주의 | B24: 이 파일의 문항 본문은 실제 커뮤니티 게시글에서 수집한 것으로, 공개 배포 시 개인 식별 정보 검토가 필요함.

Sheet 설문 1차 응답(원본)
A1: 설문 1차 응답(원본) (2025-09-09 실시)
A2: 타임스탬프 | B2: 분석 사용 여부 | C2: Q1. 성수동 혼밥 맛집 공유해영 맛집 공유해여! 성수동에서 직딩이신분들 혹은 라멘 좋아하시는분들은 성수동 멘노아지 한번가보세여! 직장 동료가 가자고해서 갔는데 매뉴도 엄청 빨리나오고 맛도 좋더라구요 요새 너무 춥잖아여 찐득한 국물이 너무 좋더라구여 너무 마싰어서 공유 하고싶어서 올려요!#혼밥#맛집 | D2: Q2. 롤 가르쳐주실분 계시려나요~~? 저는 91년생여자이고 인천이사온지는 4년정도됬어요, 동네에선 같이pc방가서 게임할친구가없네요ㅠㅠ... 게임은 항상 옵치만하는데, 롤도 배워보고싶기도해서 여기에다 글올려봐요~ 인내심가지고 롤가르쳐주시면 맛있는밥 마니사드릴께요~~ :) 나이는 30대이상분 남녀상관없이 제또래가 편할꺼같습니다ㅎㅎ | E2: Q3. 힙클가실분.. 힙 ! 클 ! 가 ! 실 ! 분 | F2: Q4. 바이크 라이딩 가실분 대부도가서 칼국수먹고 카페 차 한잔하고 오실분 | G2: Q5. 컴퓨터 잘아시는분 도움 부탁드립니다ㅜ 사례 할게요 몇일전부터 컴퓨터 느려지더니 전원이 켜졌다 꺼졌다 합니다ㅜㅜ.. 고수분들 어쩌죠ㅜㅜ | H2: Q6. 일본어를 배울 분 있으세요? 일본어를 배울 분 있으세요?일본에 14년 살았어요.일본어를 안잊고 삶을 의의있게! 친구도 사귀고 육아 스트레스도 풀고 배움도 같이 나눌 친구 있으면 좋겠네요. | I2: Q7. 제품의 신뢰도와 이미지를 높일 수 있는 상세페이지가 필요해요. 스마트스토어에 입점하려는데 깔끔하고 구매를 유도하는 디자인으로 만들어주실 수 있는 디자이너분 찾고 있습니다. 예산은 중형 정도로 생각하고 있어요. | J2: Q8. 미니스커트원피스/ 새상품급 44~55 17000원 81-2cm 총기장 모임룩 상견례룩 등등 너무 예쁜 원피스입니당 영상면접 볼때 입으려고 당근했다가 사이즈 안맞아서 재당근해요 ㅜㅜ 19000원에 당근에서 산거고, 사이즈 확인겸 입은데 다 입니다 44반~55초 사이즈 입는분들 입으면 이쁘실것같아요 | K2: Q9. 결혼기념일이라 오랜만에 대학로 연극을 보려는데 추천작이 있을까요? 결혼기념일이라 오랜만에 대학로 연극을 보려는데 추천작이 있을까요? 너무 오랜만에 대학로 나들이라 설레네요ㅎ 차두고 지하철로 가면서 구경도 할걸 생각하니 벌써 기대되네요^^ | L2: Q10. 일욜 오후마다 밴드합주하실분? 걸밴드구요, 은평구나 마포구에서 합주할듯해용 현재 구하는 세션은 일렉기타 입니당 보컬은 돌아가면서 할거라 안받아용ㅜㅜ 관심잇으신 분은 댓글주세욤 | M2: Q11. 서울숲재즈페스티벌 같이보실 분 아는 형이랑 같이 왔는데 가셔서 혼자 남았습니다.. 혹시 같이 보실 분 계신가요? 저는 20살 이구요.. 돗자리 있어요!! 근데 끝까진 못 보고 6시반 쯤되면 가봐야 것 같습니다!! | N2: Q12. 코바늘 공방 추천 가능할까요 코바늘 취미로 해보고 싶어서 실도 사고 바늘도 삿는데 유튜브로 보고 하려고 하니까 어렵고 ㅜㅠ.. 부천 여월동 근처에 공방이나 일일 클래스로 배울 수 있는곳 있을까요..?? #코바늘 | O2: Q13. 방탈출 같이 하실분 구해용 최대 2명 압구정인데 공포 방탈출 하실분 구해용 ㅠㅠ 급구!!! 저랑 제 친구 둘다 고등학생 여자 입니당! 방탈출 잘 하시는 분이면 더 좋아용 못해도 ㄱㅊ습니더 #방탈출#친구 | P2: Q14. (신)용산역 독일어 스터디 멤버 모집 시간 : 매주 수요일 19:30~21:30 장소 : (신)용산역 근처 스터디룸 / 스타벅스 회비 : 스터디룸 비용 oder 스타벅스 음료 자료 : DW Top-Thema 레벨 : B1~B2 인원 : 1~2명 충원 저희 모임은 2018년에 시작해 다양한 이유로 독일어를 공부하시는 분들과 함께 했습니다. 25년 3월부터 저희와 꾸준히 참여하실 수 있는 새 멤버분을 찾습니다. 시험이나 유학 준비 스터디가 아닌 이유로 같이 시험공부를 할 수는 없지만 질문은 언제든 해주시면 집단 지성으로 답하겠습니다. 참여 의향 있으신 분들은 댓글 달아주시면 채팅 드리겠습니다. | Q2: Q15. 포토그래퍼 분 도움이 필요합니다 제가 디자인 한 옷을 룩북처럼 촬영하고싶은데 아직 학생이라 업체랑 컨텍하니 넘 비싸더라구요ㅠㅠ 혹시 포토그래퍼 준비하고 계시는 분들이시나 조금 저렴하게 촬영할 수 있는 곳 알고 계신곳 있으실까요?? | R2: Q16. 서울애서 여자 야구 동호회 있나요? 야구를 굉장히 좋아해서 동호회로 하고 싶은데 하는 곳이 있나요? 주말에 쉬는 직장인입니다.!!! | S2: Q17. 안녕하세요! 물리치료사 출신 PT 트레이너입니다. 교통사고 후 재활이 필요하시거나 자세 불균형으로 고민하시는 분들을 위한 맞춤형 트레이닝을 제공해 드립니다. 근비대와 자세 교정 두 마리 토끼를 잡고 싶으신 분들, 편안하게 연락주세요! | T2: Q18. 경희/외대/시립 리트 스터디 구해요 이미 짜여져 있는데 새롭게 한명 충원하시는 곳도 좋고 여기서 구해서 새로운 팟 만드는 것도 좋습니다! 편하게 연락주세요 | U2: Q19. 다들 술만 드시네 전 비흡에 술 안 좋아하는 노잼이라 갈데가 없네요 ㅋ | V2: Q20. 답십리 왕십리 케이크 맛집 있을까요?! 생일 때 진짜 맛있는 케이크 먹고싶은데 홀케이크든 조각케이크든 맛있는 데 알고 잏음 추천해주세요?? 제가 생크림을 막 좋아하진 않아서 생크림 적은 걸로 아시는 거 있으심 알려주심 넘 감사할 것 같아요
A3: 2025-09-09 18:17:59 | B3: 사용 (평가자 A) | C3: 성수 연무장 혼밥 하기 좋은 맛집 추천해주세요 ㅠ | D3: 가끔 같이 게임할 분 있을까요? 안녕하세요 저는 게임이 취미중 하나인 00년생 여자입니다. 혹시….가볍게 가끔!어쩌면 자주..편하게 게임하실분 계실까요?!!! 롤 칼바람 롤체 다 좋아하고 스킴게임도 좋아해요. 파카물쥐랄로도쌤등등 다봐여 흐킄ㅋㅋㅋㅋㅋ 허허 친구들도 다들 현생이 바빠서 시간도 잘 안맞고 ㅠㅠ 혼자 하니까 이젠 롤도 재미없더라구요….. 아무튼 생각 있으시면 연락주세요!?? 아!! 예의있으신 분이면 좋겠습니다! 끝! + 아이디 남겨주시면 친추 걸게요!!! | E3: 이번주 금요일 5/2 같이 홍대/ 이태원 클럽 가실 분 있나요? 성인 되고 친구들이랑 자주 갔는데, 고학년으로 올라가고 잘 안 가게 되더라고요. 요즘 다들 바쁘게 사는데 머리도 익힐 겸 관심 있으신 분 연락 주세요~~ 02 남자입니다! 이상한 사람아닙니당 | F3: 바이크 라이딩 혼자 타시는 분~~! 밤바리나 시외 맛집 같이 가요 당근 모임 서울라이더스 들어오세요!! :) 쿼터급 이상 환영합니다 | G3: 원격으로 컴퓨터 문제 해결해드립니다! 바이러스 감염, 느려진 PC, 윈도우 업그레이드가 필요하신가요? 15년 경력의 전문가가 집에서 편하게 원격으로 윈도우 설치와 각종 프로그램 세팅까지 도와드립니다. 인터넷만 연결되어 있다면 어디서든 가능해요. | H3: 일본어 과외 해주실 분 찾아요. 시험 목적이 아닌 취미를 위해 배우려는 거라 즐겁게 배울 수 있었으면 좋겠어요. | I3: 7년 경력의 편집 디자인 전문가가 여러분의 브랜드를 빛내드립니다. 포스터, 상세페이지, 브로슈어 등 필요한 시각 자료를 체계적인 프로세스로 제작해 드리니, 효과적인 마케팅 자료가 필요한 소상공인, 스타트업, 마케팅 담당자분들 연락주세요. | J3: 밝은 베이지나 살구색 원피스 구매 원합니다. 프리사이즈나 S 사이즈면 좋겠고, 가벼운마마느낌으로 입을 수 있는 스타일을 찾고 있어요. 7만 원 이하로 구하고 있습니다. 연락 주세요~ | K3: 대학로로 이사와서 하루하루 연극보는게 너무 재밌어요 연극 로스트 추천해요 | L3: 일렉기타 필요한 취미밴드 있을까요? 일렉 친 지 1-2년 되는 20대 중반 남자입니다. 이미 합주 밴드로 하고 있는 곳이 있는데 달마다 한 번씩 만나는거라 개인적으로 기타 연습량 늘릴겸 찾고 있네요...! 백킹은 다 가능하고 메인기타인 경우 엄청 어려운 솔로 곡 말고는 연습 시간을 주시면 할 수 있습니다. 공연이 목표인 곳 보다 합주랑 친목이 목표인 곳을 선호합니다..! | M3: 20대 동내친구 구해요 안녕하세요 저는 직장을 서울숲역으로 다니고 있고 이 근처 10분거리로 이사온지 벌써 3개월째가 되어가네요. 동네친구가 없어서 만들어봅니다 그냥 편하게 만나고 재밌게 놀고 싶어요~ 저는 올해로 22살 여자이고 비슷한 또래인 분은 댓글 편하게 달아주세요! | N3: 코바늘 배워보실분 혼자 뜨려니 좀처럼 손이 안가서 글 올려봅니다. 같은 취미 공유하실 분? 코바늘 유튜브로 따라해보려 해도 잘 안되시는분? 전문가 수준은 아니지만 블랭킷이나 간단한 소품 뜨기 정도는 가르쳐드릴 수 있어요. 장소는 사당역 저희집이나 근처 카페도 좋구요 근처사시면 제가 가도 되구요. 제가 함뜨수업 다닐 때 구매하고 만들어놓은 실 패키지, 바늘들 다 있으니 재료비만 받고 알려드릴께요. 제가 올해 40이라 3~40대 언니동생 분들이면 좋겠구요. 아이 학교 간 후 오전 10시~1시 사이가 좋겠습니다. | O3: 방탈출 가실 분~ 강남,신림,홍대 중에 방탈 같이 가실 분 계실까욥? 참고로 저는 20대 여자입니다 각자 비용 내고 방탈출 하실분 구해용 방탈출이 너무 하고싶어요 ㅠㅠ | P3: 한국어 배우고 싶은 독일사람 한국어-독일어 탄뎀파트너 구해요. 연희동, 홍대, 연남동, 신촌 근처 살면서 가끔 만나서 대화하며 한국어 배우고 싶으신 독일분 찾아요. 전 독일에서 살다 왔는데 독일어를 잊지 않고 계속 하고 싶어서요. 쪽지 주세요! Ich suche mal Tandem Partner f?r De-Kr. Ich war in Deutschland f?r lange Zeit, m?chte mein Deutsch nicht verlieren. Ich kann dir Umgang-koreanisch beibringen. Schreib mir eine Nachricht hier bei 당근. Vielen Dank! | Q3: 무료 스냅 촬영 무료로 스냅 사진 촬영해드립니다:) 웨딩사진, 돌사진, 여행스냅, 여러가지 기념 영상 촬영을 하고 있습니다. 재능기부겸 다른 사람들을 위해 봉사할 수 있는 봉사활동을 찾다가 제 재능을 기부하고자 합니다^^ 평일은 퇴근하구 저녁시간 가능하구요! 주말에는 시간 정해서 1-2시간 예상해요 장소는 원하시는 곳이나 제가 서초구에 살고 있어서 강남쪽이 가깝긴하지만 크게 상관없습니다. 커플 사진, 우정 사진, 가족사진 등 모두 괜찮습니다. 보람을 가지고 하는 일이라 촬영하시는 모든 분들이 행복하셨음 합니다. 아이폰 스냅도 가능합니다. 기종 : 소니a7r5 렌즈: 24-70gm2 폰 : 아이폰15pro max #사진 #웨딩 #영상 #결혼 #데이트 #모델 | R3: 여자 사회인 야구 모임 송파구 사회인 여자야구 인원 모집 여자 사회인들의 개인운동 및 취미활동을 위한 모임이며, 전 프로야구 선수 코치님과 즐겁게 운동할 수 있습니다. 팀가입비(필수) 유니폼비(선택) 월 회비(필수) 참고해주시고, 평소 배우고 싶고, 야구에 관심이 있었던 여성분들 많은 관심 부탁드립니다~ 댓글 또는 챗 주세요~! | S3: 어깨와 허리 통증이 있는데 전문적인 PT 트레이너를 찾고 있어요. 실력 있는 트레이너를 찾기가 너무 어려워서 고민이었는데, 어깨 재활 연구 경험이 있는 트레이너와 매칭되면 좋겠어요. 제대로 된 운동 방법과 코어 강화를 배우고 싶습니다. | T3: 리트 LEET 스터디 하실 분! 일단은, 추리논증만요...! | U3: 술 안먹는 별난모임 술 안먹는 모임이 생겼어요 맛집&찻집 서울근교투어도하고 친구도 사귀고 수다도 떨고 산책도하고 5060검색하여 저희모임 놀러오세요 ♡♡♡♡♡♡♡♡ #친목모임 #모임 #중곡동모임 #중랑구 #중곡동 #면목동 #면목동모임 #동호회 #광진구모임 | V3: 원베이커리 딸기케이크가 최고다!!!!!! 동네사람들.... (진지) 케이크 어디서 사시나여 연초 연말에 우리 케이크 먹잖아여!!!!!! 심지어 생일이다? 여기가세요 ㅠㅠㅠㅠ 강추강추! 파리바게트 기본케이크? ? 베스킨라빈스 아이스크림케잌? ? 투썸플레이스 스초생?? 파리크라상 4-5만원대 케잌? ? 원베이커리 딸기케이크???? 동네사람덜 공공의 이익을위해 올려요 플레이팅이 과하게 화려하진 않아도 맛이 너무 맛잇어요.. 너무 부드럽고 겉에도 케잌 안에도 딸기 엄청많고... 건강하게 단맛에 맛에 조화가 너무 좋아서 추천해요 부부 두분이 직접 만드셔서 엄마아빠가 해준기분.. 너무너무너무너무너무 맛잇어서 흑백요리사2 출연 추천해드리고싶어요 베이커리의 숨은고수 베이커리의 권위자 베이커리의 진또배기 베이커리의 재야의 고수 사람들이 너무 모르시는거 같아서 글올려요 걍 고민하지말고 진짜 먹어보세요 개 존 맛 .... (???o????? ? o????????) 국고애들 사이에선 유명하더라구요.... (먹는방법이 일반케잌과 조금 달라요!) 퍼먹는 스타일(?) 개 맘에듬 작은거 만칠천원대 큰거 이만사천원대 가격도 착함...... ㄹㅇ 그리고 하트 슈크림빵 있는데 이게또 진또배기임. 입에 녹는 빵은 또 처음 먹어보네 진짜로 아오 #케이크 #연말모임 #크리스마스 #맛집 #빵 #베이커리 #국악고 #개포동 #착한가격 #흑백요리사
A4: 2025-09-09 18:18:53 | B4: 제외 (사전 설명 미실시) | C4: 성수 연무장 혼밥 하기 좋은 맛집 추천해주세요 ㅠ | D4: 롤린이한테 롤 알려주실 분...(상냥하게ㅠㅠ) 게임 잘 못하구용!! 롤은 아주 기초적인 지식만 있어요!! 피씨방에서 짜증 안내고 알려주실 수 있는 분 계실까요.. 전 여자고 나이 많아용!! 알려주실 분 성별 나이는 따지지 않아용 같이 가주시면 시간충전이랑 음료 하나는 제가 부담할게요!! | E4: 이번주 금요일 5/2 같이 홍대/ 이태원 클럽 가실 분 있나요? 성인 되고 친구들이랑 자주 갔는데, 고학년으로 올라가고 잘 안 가게 되더라고요. 요즘 다들 바쁘게 사는데 머리도 익힐 겸 관심 있으신 분 연락 주세요~~ 02 남자입니다! 이상한 사람아닙니당 | F4: 바이크 라이딩 혼자 타시는 분~~! 밤바리나 시외 맛집 같이 가요 당근 모임 서울라이더스 들어오세요!! :) 쿼터급 이상 환영합니다 | G4: 원격으로 컴퓨터 문제 해결해드립니다! 바이러스 감염, 느려진 PC, 윈도우 업그레이드가 필요하신가요? 15년 경력의 전문가가 집에서 편하게 원격으로 윈도우 설치와 각종 프로그램 세팅까지 도와드립니다. 인터넷만 연결되어 있다면 어디서든 가능해요. | H4: 일본어 과외 해주실 분 찾아요. 시험 목적이 아닌 취미를 위해 배우려는 거라 즐겁게 배울 수 있었으면 좋겠어요. | I4: 7년 경력의 편집 디자인 전문가가 여러분의 브랜드를 빛내드립니다. 포스터, 상세페이지, 브로슈어 등 필요한 시각 자료를 체계적인 프로세스로 제작해 드리니, 효과적인 마케팅 자료가 필요한 소상공인, 스타트업, 마케팅 담당자분들 연락주세요. | J4: 밝은 베이지나 살구색 원피스 구매 원합니다. 프리사이즈나 S 사이즈면 좋겠고, 가벼운마마느낌으로 입을 수 있는 스타일을 찾고 있어요. 7만 원 이하로 구하고 있습니다. 연락 주세요~ | K4: 대학로로 이사와서 하루하루 연극보는게 너무 재밌어요 연극 로스트 추천해요 | L4: 밴드 세션 구합니다!! 같이 밴드하실 분 구해요~ 보컬 남/여 1명 일렉 1명 베이스 1명 건반 1~2명 같이 연습하면서 성장하실 분들 구합니다!! 서로 알려주며 할 거라 처음하는 분들도 편하게 연락해주세용 #대학생 #휴학생 #재학생 분들 연락 많이주세요 | M4: 싸운드베리 페스티벌 같이 가실분 있으실까요? 페스티벌등 콘서트 가는걸 좋아하는데 , 동네친구겸 페스티벌 친구 만들고 싶어요!! 잘놀고 대화통하면 좋을것 같아요 | N4: 뜨개 공방 잘 알려주는 곳 있나요? 코바늘 뜨개질 해보고 싶은데 계속 실패의 연속이네요… 공방같은 곳 가서 배워보고 싶은데 잘 알려주시는 곳 있으면 소개 부탁드립니다!! | O4: 방탈출 가실 분~ 강남,신림,홍대 중에 방탈 같이 가실 분 계실까욥? 참고로 저는 20대 여자입니다 각자 비용 내고 방탈출 하실분 구해용 방탈출이 너무 하고싶어요 ㅠㅠ | P4: 한국어 배우고 싶은 독일사람 한국어-독일어 탄뎀파트너 구해요. 연희동, 홍대, 연남동, 신촌 근처 살면서 가끔 만나서 대화하며 한국어 배우고 싶으신 독일분 찾아요. 전 독일에서 살다 왔는데 독일어를 잊지 않고 계속 하고 싶어서요. 쪽지 주세요! Ich suche mal Tandem Partner f?r De-Kr. Ich war in Deutschland f?r lange Zeit, m?chte mein Deutsch nicht verlieren. Ich kann dir Umgang-koreanisch beibringen. Schreib mir eine Nachricht hier bei 당근. Vielen Dank! | Q4: 무료 스냅 촬영 무료로 스냅 사진 촬영해드립니다:) 웨딩사진, 돌사진, 여행스냅, 여러가지 기념 영상 촬영을 하고 있습니다. 재능기부겸 다른 사람들을 위해 봉사할 수 있는 봉사활동을 찾다가 제 재능을 기부하고자 합니다^^ 평일은 퇴근하구 저녁시간 가능하구요! 주말에는 시간 정해서 1-2시간 예상해요 장소는 원하시는 곳이나 제가 서초구에 살고 있어서 강남쪽이 가깝긴하지만 크게 상관없습니다. 커플 사진, 우정 사진, 가족사진 등 모두 괜찮습니다. 보람을 가지고 하는 일이라 촬영하시는 모든 분들이 행복하셨음 합니다. 아이폰 스냅도 가능합니다. 기종 : 소니a7r5 렌즈: 24-70gm2 폰 : 아이폰15pro max #사진 #웨딩 #영상 #결혼 #데이트 #모델 | R4: 여자 사회인 야구 모임 송파구 사회인 여자야구 인원 모집 여자 사회인들의 개인운동 및 취미활동을 위한 모임이며, 전 프로야구 선수 코치님과 즐겁게 운동할 수 있습니다. 팀가입비(필수) 유니폼비(선택) 월 회비(필수) 참고해주시고, 평소 배우고 싶고, 야구에 관심이 있었던 여성분들 많은 관심 부탁드립니다~ 댓글 또는 챗 주세요~! | S4: 어깨와 허리 통증이 있는데 전문적인 PT 트레이너를 찾고 있어요. 실력 있는 트레이너를 찾기가 너무 어려워서 고민이었는데, 어깨 재활 연구 경험이 있는 트레이너와 매칭되면 좋겠어요. 제대로 된 운동 방법과 코어 강화를 배우고 싶습니다. | T4: 리트 LEET 스터디 하실 분! 일단은, 추리논증만요...! | U4: 술 안먹는 별난모임 술 안먹는 모임이 생겼어요 맛집&찻집 서울근교투어도하고 친구도 사귀고 수다도 떨고 산책도하고 5060검색하여 저희모임 놀러오세요 ♡♡♡♡♡♡♡♡ #친목모임 #모임 #중곡동모임 #중랑구 #중곡동 #면목동 #면목동모임 #동호회 #광진구모임 | V4: 원베이커리 딸기케이크가 최고다!!!!!! 동네사람들.... (진지) 케이크 어디서 사시나여 연초 연말에 우리 케이크 먹잖아여!!!!!! 심지어 생일이다? 여기가세요 ㅠㅠㅠㅠ 강추강추! 파리바게트 기본케이크? ? 베스킨라빈스 아이스크림케잌? ? 투썸플레이스 스초생?? 파리크라상 4-5만원대 케잌? ? 원베이커리 딸기케이크???? 동네사람덜 공공의 이익을위해 올려요 플레이팅이 과하게 화려하진 않아도 맛이 너무 맛잇어요.. 너무 부드럽고 겉에도 케잌 안에도 딸기 엄청많고... 건강하게 단맛에 맛에 조화가 너무 좋아서 추천해요 부부 두분이 직접 만드셔서 엄마아빠가 해준기분.. 너무너무너무너무너무 맛잇어서 흑백요리사2 출연 추천해드리고싶어요 베이커리의 숨은고수 베이커리의 권위자 베이커리의 진또배기 베이커리의 재야의 고수 사람들이 너무 모르시는거 같아서 글올려요 걍 고민하지말고 진짜 먹어보세요 개 존 맛 .... (???o????? ? o????????) 국고애들 사이에선 유명하더라구요.... (먹는방법이 일반케잌과 조금 달라요!) 퍼먹는 스타일(?) 개 맘에듬 작은거 만칠천원대 큰거 이만사천원대 가격도 착함...... ㄹㅇ 그리고 하트 슈크림빵 있는데 이게또 진또배기임. 입에 녹는 빵은 또 처음 먹어보네 진짜로 아오 #케이크 #연말모임 #크리스마스 #맛집 #빵 #베이커리 #국악고 #개포동 #착한가격 #흑백요리사
A5: 2025-09-09 18:27:49 | B5: 사용 (평가자 C) | C5: 성수 연무장 혼밥 하기 좋은 맛집 추천해주세요 ㅠ | D5: 가끔 같이 게임할 분 있을까요? 안녕하세요 저는 게임이 취미중 하나인 00년생 여자입니다. 혹시….가볍게 가끔!어쩌면 자주..편하게 게임하실분 계실까요?!!! 롤 칼바람 롤체 다 좋아하고 스킴게임도 좋아해요. 파카물쥐랄로도쌤등등 다봐여 흐킄ㅋㅋㅋㅋㅋ 허허 친구들도 다들 현생이 바빠서 시간도 잘 안맞고 ㅠㅠ 혼자 하니까 이젠 롤도 재미없더라구요….. 아무튼 생각 있으시면 연락주세요!?? 아!! 예의있으신 분이면 좋겠습니다! 끝! + 아이디 남겨주시면 친추 걸게요!!! | E5: 이번주 금요일 5/2 같이 홍대/ 이태원 클럽 가실 분 있나요? 성인 되고 친구들이랑 자주 갔는데, 고학년으로 올라가고 잘 안 가게 되더라고요. 요즘 다들 바쁘게 사는데 머리도 익힐 겸 관심 있으신 분 연락 주세요~~ 02 남자입니다! 이상한 사람아닙니당 | F5: 바이크 라이딩 혼자 타시는 분~~! 밤바리나 시외 맛집 같이 가요 당근 모임 서울라이더스 들어오세요!! :) 쿼터급 이상 환영합니다 | G5: 원격으로 컴퓨터 문제 해결해드립니다! 바이러스 감염, 느려진 PC, 윈도우 업그레이드가 필요하신가요? 15년 경력의 전문가가 집에서 편하게 원격으로 윈도우 설치와 각종 프로그램 세팅까지 도와드립니다. 인터넷만 연결되어 있다면 어디서든 가능해요. | H5: 일본어로 대화할 동네친구 구합니다 일본계회사 16년근무했고 3년정도 다른일하다 쉬고있습니다. 자꾸 잊어버리게 되는것같아서 사소한 대화나 책 취미 일본어로 대화나눌 동성친구 찾습니다 77~83년생정도 평일오전시간 괜찮으신분 연락주세요 일어회화. 중급이상 여성분(필) | I5: 7년 경력의 편집 디자인 전문가가 여러분의 브랜드를 빛내드립니다. 포스터, 상세페이지, 브로슈어 등 필요한 시각 자료를 체계적인 프로세스로 제작해 드리니, 효과적인 마케팅 자료가 필요한 소상공인, 스타트업, 마케팅 담당자분들 연락주세요. | J5: 밝은 베이지나 살구색 원피스 구매 원합니다. 프리사이즈나 S 사이즈면 좋겠고, 가벼운마마느낌으로 입을 수 있는 스타일을 찾고 있어요. 7만 원 이하로 구하고 있습니다. 연락 주세요~ | K5: 대학로로 이사와서 하루하루 연극보는게 너무 재밌어요 연극 로스트 추천해요 | L5: 일렉기타 필요한 취미밴드 있을까요? 일렉 친 지 1-2년 되는 20대 중반 남자입니다. 이미 합주 밴드로 하고 있는 곳이 있는데 달마다 한 번씩 만나는거라 개인적으로 기타 연습량 늘릴겸 찾고 있네요...! 백킹은 다 가능하고 메인기타인 경우 엄청 어려운 솔로 곡 말고는 연습 시간을 주시면 할 수 있습니다. 공연이 목표인 곳 보다 합주랑 친목이 목표인 곳을 선호합니다..! | M5: 20대 동내친구 구해요 안녕하세요 저는 직장을 서울숲역으로 다니고 있고 이 근처 10분거리로 이사온지 벌써 3개월째가 되어가네요. 동네친구가 없어서 만들어봅니다 그냥 편하게 만나고 재밌게 놀고 싶어요~ 저는 올해로 22살 여자이고 비슷한 또래인 분은 댓글 편하게 달아주세요! | N5: 코바늘 배워보실분 혼자 뜨려니 좀처럼 손이 안가서 글 올려봅니다. 같은 취미 공유하실 분? 코바늘 유튜브로 따라해보려 해도 잘 안되시는분? 전문가 수준은 아니지만 블랭킷이나 간단한 소품 뜨기 정도는 가르쳐드릴 수 있어요. 장소는 사당역 저희집이나 근처 카페도 좋구요 근처사시면 제가 가도 되구요. 제가 함뜨수업 다닐 때 구매하고 만들어놓은 실 패키지, 바늘들 다 있으니 재료비만 받고 알려드릴께요. 제가 올해 40이라 3~40대 언니동생 분들이면 좋겠구요. 아이 학교 간 후 오전 10시~1시 사이가 좋겠습니다. | O5: 방탈출 가실 분~ 강남,신림,홍대 중에 방탈 같이 가실 분 계실까욥? 참고로 저는 20대 여자입니다 각자 비용 내고 방탈출 하실분 구해용 방탈출이 너무 하고싶어요 ㅠㅠ | P5: 한국어 배우고 싶은 독일사람 한국어-독일어 탄뎀파트너 구해요. 연희동, 홍대, 연남동, 신촌 근처 살면서 가끔 만나서 대화하며 한국어 배우고 싶으신 독일분 찾아요. 전 독일에서 살다 왔는데 독일어를 잊지 않고 계속 하고 싶어서요. 쪽지 주세요! Ich suche mal Tandem Partner f?r De-Kr. Ich war in Deutschland f?r lange Zeit, m?chte mein Deutsch nicht verlieren. Ich kann dir Umgang-koreanisch beibringen. Schreib mir eine Nachricht hier bei 당근. Vielen Dank! | Q5: 무료 스냅 촬영 무료로 스냅 사진 촬영해드립니다:) 웨딩사진, 돌사진, 여행스냅, 여러가지 기념 영상 촬영을 하고 있습니다. 재능기부겸 다른 사람들을 위해 봉사할 수 있는 봉사활동을 찾다가 제 재능을 기부하고자 합니다^^ 평일은 퇴근하구 저녁시간 가능하구요! 주말에는 시간 정해서 1-2시간 예상해요 장소는 원하시는 곳이나 제가 서초구에 살고 있어서 강남쪽이 가깝긴하지만 크게 상관없습니다. 커플 사진, 우정 사진, 가족사진 등 모두 괜찮습니다. 보람을 가지고 하는 일이라 촬영하시는 모든 분들이 행복하셨음 합니다. 아이폰 스냅도 가능합니다. 기종 : 소니a7r5 렌즈: 24-70gm2 폰 : 아이폰15pro max #사진 #웨딩 #영상 #결혼 #데이트 #모델 | R5: 여자 사회인 야구 모임 송파구 사회인 여자야구 인원 모집 여자 사회인들의 개인운동 및 취미활동을 위한 모임이며, 전 프로야구 선수 코치님과 즐겁게 운동할 수 있습니다. 팀가입비(필수) 유니폼비(선택) 월 회비(필수) 참고해주시고, 평소 배우고 싶고, 야구에 관심이 있었던 여성분들 많은 관심 부탁드립니다~ 댓글 또는 챗 주세요~! | S5: 어깨와 허리 통증이 있는데 전문적인 PT 트레이너를 찾고 있어요. 실력 있는 트레이너를 찾기가 너무 어려워서 고민이었는데, 어깨 재활 연구 경험이 있는 트레이너와 매칭되면 좋겠어요. 제대로 된 운동 방법과 코어 강화를 배우고 싶습니다. | T5: 리트 LEET 스터디 하실 분! 일단은, 추리논증만요...! | U5: 술 안먹는 별난모임 술 안먹는 모임이 생겼어요 맛집&찻집 서울근교투어도하고 친구도 사귀고 수다도 떨고 산책도하고 5060검색하여 저희모임 놀러오세요 ♡♡♡♡♡♡♡♡ #친목모임 #모임 #중곡동모임 #중랑구 #중곡동 #면목동 #면목동모임 #동호회 #광진구모임 | V5: 원베이커리 딸기케이크가 최고다!!!!!! 동네사람들.... (진지) 케이크 어디서 사시나여 연초 연말에 우리 케이크 먹잖아여!!!!!! 심지어 생일이다? 여기가세요 ㅠㅠㅠㅠ 강추강추! 파리바게트 기본케이크? ? 베스킨라빈스 아이스크림케잌? ? 투썸플레이스 스초생?? 파리크라상 4-5만원대 케잌? ? 원베이커리 딸기케이크???? 동네사람덜 공공의 이익을위해 올려요 플레이팅이 과하게 화려하진 않아도 맛이 너무 맛잇어요.. 너무 부드럽고 겉에도 케잌 안에도 딸기 엄청많고... 건강하게 단맛에 맛에 조화가 너무 좋아서 추천해요 부부 두분이 직접 만드셔서 엄마아빠가 해준기분.. 너무너무너무너무너무 맛잇어서 흑백요리사2 출연 추천해드리고싶어요 베이커리의 숨은고수 베이커리의 권위자 베이커리의 진또배기 베이커리의 재야의 고수 사람들이 너무 모르시는거 같아서 글올려요 걍 고민하지말고 진짜 먹어보세요 개 존 맛 .... (???o????? ? o????????) 국고애들 사이에선 유명하더라구요.... (먹는방법이 일반케잌과 조금 달라요!) 퍼먹는 스타일(?) 개 맘에듬 작은거 만칠천원대 큰거 이만사천원대 가격도 착함...... ㄹㅇ 그리고 하트 슈크림빵 있는데 이게또 진또배기임. 입에 녹는 빵은 또 처음 먹어보네 진짜로 아오 #케이크 #연말모임 #크리스마스 #맛집 #빵 #베이커리 #국악고 #개포동 #착한가격 #흑백요리사
A6: 2025-09-09 18:36:03 | B6: 제외 (사전 설명 미실시) | C6: 성수 연무장 혼밥 하기 좋은 맛집 추천해주세요 ㅠ | D6: 가끔 같이 게임할 분 있을까요? 안녕하세요 저는 게임이 취미중 하나인 00년생 여자입니다. 혹시….가볍게 가끔!어쩌면 자주..편하게 게임하실분 계실까요?!!! 롤 칼바람 롤체 다 좋아하고 스킴게임도 좋아해요. 파카물쥐랄로도쌤등등 다봐여 흐킄ㅋㅋㅋㅋㅋ 허허 친구들도 다들 현생이 바빠서 시간도 잘 안맞고 ㅠㅠ 혼자 하니까 이젠 롤도 재미없더라구요….. 아무튼 생각 있으시면 연락주세요!?? 아!! 예의있으신 분이면 좋겠습니다! 끝! + 아이디 남겨주시면 친추 걸게요!!! | E6: 이번주 금요일 5/2 같이 홍대/ 이태원 클럽 가실 분 있나요? 성인 되고 친구들이랑 자주 갔는데, 고학년으로 올라가고 잘 안 가게 되더라고요. 요즘 다들 바쁘게 사는데 머리도 익힐 겸 관심 있으신 분 연락 주세요~~ 02 남자입니다! 이상한 사람아닙니당 | F6: 바이크 라이딩 혼자 타시는 분~~! 밤바리나 시외 맛집 같이 가요 당근 모임 서울라이더스 들어오세요!! :) 쿼터급 이상 환영합니다 | G6: 원격으로 컴퓨터 문제 해결해드립니다! 바이러스 감염, 느려진 PC, 윈도우 업그레이드가 필요하신가요? 15년 경력의 전문가가 집에서 편하게 원격으로 윈도우 설치와 각종 프로그램 세팅까지 도와드립니다. 인터넷만 연결되어 있다면 어디서든 가능해요. | H6: 일본어 과외 해주실 분 찾아요. 시험 목적이 아닌 취미를 위해 배우려는 거라 즐겁게 배울 수 있었으면 좋겠어요. | I6: 7년 경력의 편집 디자인 전문가가 여러분의 브랜드를 빛내드립니다. 포스터, 상세페이지, 브로슈어 등 필요한 시각 자료를 체계적인 프로세스로 제작해 드리니, 효과적인 마케팅 자료가 필요한 소상공인, 스타트업, 마케팅 담당자분들 연락주세요. | J6: 밝은 베이지나 살구색 원피스 구매 원합니다. 프리사이즈나 S 사이즈면 좋겠고, 가벼운마마느낌으로 입을 수 있는 스타일을 찾고 있어요. 7만 원 이하로 구하고 있습니다. 연락 주세요~ | K6: 대학로로 이사와서 하루하루 연극보는게 너무 재밌어요 연극 로스트 추천해요 | L6: 밴드 세션 구합니다!! 같이 밴드하실 분 구해요~ 보컬 남/여 1명 일렉 1명 베이스 1명 건반 1~2명 같이 연습하면서 성장하실 분들 구합니다!! 서로 알려주며 할 거라 처음하는 분들도 편하게 연락해주세용 #대학생 #휴학생 #재학생 분들 연락 많이주세요 | M6: 20대 동내친구 구해요 안녕하세요 저는 직장을 서울숲역으로 다니고 있고 이 근처 10분거리로 이사온지 벌써 3개월째가 되어가네요. 동네친구가 없어서 만들어봅니다 그냥 편하게 만나고 재밌게 놀고 싶어요~ 저는 올해로 22살 여자이고 비슷한 또래인 분은 댓글 편하게 달아주세요! | N6: 코바늘 배워보실분 혼자 뜨려니 좀처럼 손이 안가서 글 올려봅니다. 같은 취미 공유하실 분? 코바늘 유튜브로 따라해보려 해도 잘 안되시는분? 전문가 수준은 아니지만 블랭킷이나 간단한 소품 뜨기 정도는 가르쳐드릴 수 있어요. 장소는 사당역 저희집이나 근처 카페도 좋구요 근처사시면 제가 가도 되구요. 제가 함뜨수업 다닐 때 구매하고 만들어놓은 실 패키지, 바늘들 다 있으니 재료비만 받고 알려드릴께요. 제가 올해 40이라 3~40대 언니동생 분들이면 좋겠구요. 아이 학교 간 후 오전 10시~1시 사이가 좋겠습니다. | O6: 방탈출 가실 분~ 강남,신림,홍대 중에 방탈 같이 가실 분 계실까욥? 참고로 저는 20대 여자입니다 각자 비용 내고 방탈출 하실분 구해용 방탈출이 너무 하고싶어요 ㅠㅠ | P6: 한국어 배우고 싶은 독일사람 한국어-독일어 탄뎀파트너 구해요. 연희동, 홍대, 연남동, 신촌 근처 살면서 가끔 만나서 대화하며 한국어 배우고 싶으신 독일분 찾아요. 전 독일에서 살다 왔는데 독일어를 잊지 않고 계속 하고 싶어서요. 쪽지 주세요! Ich suche mal Tandem Partner f?r De-Kr. Ich war in Deutschland f?r lange Zeit, m?chte mein Deutsch nicht verlieren. Ich kann dir Umgang-koreanisch beibringen. Schreib mir eine Nachricht hier bei 당근. Vielen Dank! | Q6: 무료 스냅 촬영 무료로 스냅 사진 촬영해드립니다:) 웨딩사진, 돌사진, 여행스냅, 여러가지 기념 영상 촬영을 하고 있습니다. 재능기부겸 다른 사람들을 위해 봉사할 수 있는 봉사활동을 찾다가 제 재능을 기부하고자 합니다^^ 평일은 퇴근하구 저녁시간 가능하구요! 주말에는 시간 정해서 1-2시간 예상해요 장소는 원하시는 곳이나 제가 서초구에 살고 있어서 강남쪽이 가깝긴하지만 크게 상관없습니다. 커플 사진, 우정 사진, 가족사진 등 모두 괜찮습니다. 보람을 가지고 하는 일이라 촬영하시는 모든 분들이 행복하셨음 합니다. 아이폰 스냅도 가능합니다. 기종 : 소니a7r5 렌즈: 24-70gm2 폰 : 아이폰15pro max #사진 #웨딩 #영상 #결혼 #데이트 #모델 | R6: 여자 사회인 야구 모임 송파구 사회인 여자야구 인원 모집 여자 사회인들의 개인운동 및 취미활동을 위한 모임이며, 전 프로야구 선수 코치님과 즐겁게 운동할 수 있습니다. 팀가입비(필수) 유니폼비(선택) 월 회비(필수) 참고해주시고, 평소 배우고 싶고, 야구에 관심이 있었던 여성분들 많은 관심 부탁드립니다~ 댓글 또는 챗 주세요~! | S6: 어깨와 허리 통증이 있는데 전문적인 PT 트레이너를 찾고 있어요. 실력 있는 트레이너를 찾기가 너무 어려워서 고민이었는데, 어깨 재활 연구 경험이 있는 트레이너와 매칭되면 좋겠어요. 제대로 된 운동 방법과 코어 강화를 배우고 싶습니다. | T6: 리트 LEET 스터디 하실 분! 일단은, 추리논증만요...! | U6: 다들 혼자놀기할때 뭐하고 노시나요?? 해외대학다녀서 한국에 방학때 올때마다 서울에서 뭘하고 놀아야 잘 놀았다고 하는지 모르겠네용.. 하루나 반나절 정도 구경할곳, 드라이브 갈곳, 자전거 타거나 산책할 곳, 팝업, 당일치기 여행 등등 아이디어 추천해주세요! 술도 안마시고 쇼핑을 딱히 좋아하지도 않아서… 노잼인간이라 죄송해요ㅋㅋ큐ㅠㅠ… | V6: 원베이커리 딸기케이크가 최고다!!!!!! 동네사람들.... (진지) 케이크 어디서 사시나여 연초 연말에 우리 케이크 먹잖아여!!!!!! 심지어 생일이다? 여기가세요 ㅠㅠㅠㅠ 강추강추! 파리바게트 기본케이크? ? 베스킨라빈스 아이스크림케잌? ? 투썸플레이스 스초생?? 파리크라상 4-5만원대 케잌? ? 원베이커리 딸기케이크???? 동네사람덜 공공의 이익을위해 올려요 플레이팅이 과하게 화려하진 않아도 맛이 너무 맛잇어요.. 너무 부드럽고 겉에도 케잌 안에도 딸기 엄청많고... 건강하게 단맛에 맛에 조화가 너무 좋아서 추천해요 부부 두분이 직접 만드셔서 엄마아빠가 해준기분.. 너무너무너무너무너무 맛잇어서 흑백요리사2 출연 추천해드리고싶어요 베이커리의 숨은고수 베이커리의 권위자 베이커리의 진또배기 베이커리의 재야의 고수 사람들이 너무 모르시는거 같아서 글올려요 걍 고민하지말고 진짜 먹어보세요 개 존 맛 .... (???o????? ? o????????) 국고애들 사이에선 유명하더라구요.... (먹는방법이 일반케잌과 조금 달라요!) 퍼먹는 스타일(?) 개 맘에듬 작은거 만칠천원대 큰거 이만사천원대 가격도 착함...... ㄹㅇ 그리고 하트 슈크림빵 있는데 이게또 진또배기임. 입에 녹는 빵은 또 처음 먹어보네 진짜로 아오 #케이크 #연말모임 #크리스마스 #맛집 #빵 #베이커리 #국악고 #개포동 #착한가격 #흑백요리사
A7: 2025-09-09 18:56:22 | B7: 사용 (평가자 E) | C7: 성수 연무장 혼밥 하기 좋은 맛집 추천해주세요 ㅠ | D7: 가끔 같이 게임할 분 있을까요? 안녕하세요 저는 게임이 취미중 하나인 00년생 여자입니다. 혹시….가볍게 가끔!어쩌면 자주..편하게 게임하실분 계실까요?!!! 롤 칼바람 롤체 다 좋아하고 스킴게임도 좋아해요. 파카물쥐랄로도쌤등등 다봐여 흐킄ㅋㅋㅋㅋㅋ 허허 친구들도 다들 현생이 바빠서 시간도 잘 안맞고 ㅠㅠ 혼자 하니까 이젠 롤도 재미없더라구요….. 아무튼 생각 있으시면 연락주세요!?? 아!! 예의있으신 분이면 좋겠습니다! 끝! + 아이디 남겨주시면 친추 걸게요!!! | E7: 이번주 금요일 5/2 같이 홍대/ 이태원 클럽 가실 분 있나요? 성인 되고 친구들이랑 자주 갔는데, 고학년으로 올라가고 잘 안 가게 되더라고요. 요즘 다들 바쁘게 사는데 머리도 익힐 겸 관심 있으신 분 연락 주세요~~ 02 남자입니다! 이상한 사람아닙니당 | F7: 바이크 라이딩 혼자 타시는 분~~! 밤바리나 시외 맛집 같이 가요 당근 모임 서울라이더스 들어오세요!! :) 쿼터급 이상 환영합니다 | G7: 원격으로 컴퓨터 문제 해결해드립니다! 바이러스 감염, 느려진 PC, 윈도우 업그레이드가 필요하신가요? 15년 경력의 전문가가 집에서 편하게 원격으로 윈도우 설치와 각종 프로그램 세팅까지 도와드립니다. 인터넷만 연결되어 있다면 어디서든 가능해요. | H7: 일본어 과외 해주실 분 찾아요. 시험 목적이 아닌 취미를 위해 배우려는 거라 즐겁게 배울 수 있었으면 좋겠어요. | I7: 7년 경력의 편집 디자인 전문가가 여러분의 브랜드를 빛내드립니다. 포스터, 상세페이지, 브로슈어 등 필요한 시각 자료를 체계적인 프로세스로 제작해 드리니, 효과적인 마케팅 자료가 필요한 소상공인, 스타트업, 마케팅 담당자분들 연락주세요. | J7: 밝은 베이지나 살구색 원피스 구매 원합니다. 프리사이즈나 S 사이즈면 좋겠고, 가벼운마마느낌으로 입을 수 있는 스타일을 찾고 있어요. 7만 원 이하로 구하고 있습니다. 연락 주세요~ | K7: 대학로로 이사와서 하루하루 연극보는게 너무 재밌어요 연극 로스트 추천해요 | L7: 일렉기타 필요한 취미밴드 있을까요? 일렉 친 지 1-2년 되는 20대 중반 남자입니다. 이미 합주 밴드로 하고 있는 곳이 있는데 달마다 한 번씩 만나는거라 개인적으로 기타 연습량 늘릴겸 찾고 있네요...! 백킹은 다 가능하고 메인기타인 경우 엄청 어려운 솔로 곡 말고는 연습 시간을 주시면 할 수 있습니다. 공연이 목표인 곳 보다 합주랑 친목이 목표인 곳을 선호합니다..! | M7: 싸운드베리 페스티벌 같이 가실분 있으실까요? 페스티벌등 콘서트 가는걸 좋아하는데 , 동네친구겸 페스티벌 친구 만들고 싶어요!! 잘놀고 대화통하면 좋을것 같아요 | N7: 코바늘 배워보실분 혼자 뜨려니 좀처럼 손이 안가서 글 올려봅니다. 같은 취미 공유하실 분? 코바늘 유튜브로 따라해보려 해도 잘 안되시는분? 전문가 수준은 아니지만 블랭킷이나 간단한 소품 뜨기 정도는 가르쳐드릴 수 있어요. 장소는 사당역 저희집이나 근처 카페도 좋구요 근처사시면 제가 가도 되구요. 제가 함뜨수업 다닐 때 구매하고 만들어놓은 실 패키지, 바늘들 다 있으니 재료비만 받고 알려드릴께요. 제가 올해 40이라 3~40대 언니동생 분들이면 좋겠구요. 아이 학교 간 후 오전 10시~1시 사이가 좋겠습니다. | O7: 방탈출 가실 분~ 강남,신림,홍대 중에 방탈 같이 가실 분 계실까욥? 참고로 저는 20대 여자입니다 각자 비용 내고 방탈출 하실분 구해용 방탈출이 너무 하고싶어요 ㅠㅠ | P7: 한국어 배우고 싶은 독일사람 한국어-독일어 탄뎀파트너 구해요. 연희동, 홍대, 연남동, 신촌 근처 살면서 가끔 만나서 대화하며 한국어 배우고 싶으신 독일분 찾아요. 전 독일에서 살다 왔는데 독일어를 잊지 않고 계속 하고 싶어서요. 쪽지 주세요! Ich suche mal Tandem Partner f?r De-Kr. Ich war in Deutschland f?r lange Zeit, m?chte mein Deutsch nicht verlieren. Ich kann dir Umgang-koreanisch beibringen. Schreib mir eine Nachricht hier bei 당근. Vielen Dank! | Q7: 무료 스냅 촬영 무료로 스냅 사진 촬영해드립니다:) 웨딩사진, 돌사진, 여행스냅, 여러가지 기념 영상 촬영을 하고 있습니다. 재능기부겸 다른 사람들을 위해 봉사할 수 있는 봉사활동을 찾다가 제 재능을 기부하고자 합니다^^ 평일은 퇴근하구 저녁시간 가능하구요! 주말에는 시간 정해서 1-2시간 예상해요 장소는 원하시는 곳이나 제가 서초구에 살고 있어서 강남쪽이 가깝긴하지만 크게 상관없습니다. 커플 사진, 우정 사진, 가족사진 등 모두 괜찮습니다. 보람을 가지고 하는 일이라 촬영하시는 모든 분들이 행복하셨음 합니다. 아이폰 스냅도 가능합니다. 기종 : 소니a7r5 렌즈: 24-70gm2 폰 : 아이폰15pro max #사진 #웨딩 #영상 #결혼 #데이트 #모델 | R7: 여자 사회인 야구 모임 송파구 사회인 여자야구 인원 모집 여자 사회인들의 개인운동 및 취미활동을 위한 모임이며, 전 프로야구 선수 코치님과 즐겁게 운동할 수 있습니다. 팀가입비(필수) 유니폼비(선택) 월 회비(필수) 참고해주시고, 평소 배우고 싶고, 야구에 관심이 있었던 여성분들 많은 관심 부탁드립니다~ 댓글 또는 챗 주세요~! | S7: 어깨와 허리 통증이 있는데 전문적인 PT 트레이너를 찾고 있어요. 실력 있는 트레이너를 찾기가 너무 어려워서 고민이었는데, 어깨 재활 연구 경험이 있는 트레이너와 매칭되면 좋겠어요. 제대로 된 운동 방법과 코어 강화를 배우고 싶습니다. | T7: 리트 LEET 스터디 하실 분! 일단은, 추리논증만요...! | U7: 술 안먹는 별난모임 술 안먹는 모임이 생겼어요 맛집&찻집 서울근교투어도하고 친구도 사귀고 수다도 떨고 산책도하고 5060검색하여 저희모임 놀러오세요 ♡♡♡♡♡♡♡♡ #친목모임 #모임 #중곡동모임 #중랑구 #중곡동 #면목동 #면목동모임 #동호회 #광진구모임 | V7: 원베이커리 딸기케이크가 최고다!!!!!! 동네사람들.... (진지) 케이크 어디서 사시나여 연초 연말에 우리 케이크 먹잖아여!!!!!! 심지어 생일이다? 여기가세요 ㅠㅠㅠㅠ 강추강추! 파리바게트 기본케이크? ? 베스킨라빈스 아이스크림케잌? ? 투썸플레이스 스초생?? 파리크라상 4-5만원대 케잌? ? 원베이커리 딸기케이크???? 동네사람덜 공공의 이익을위해 올려요 플레이팅이 과하게 화려하진 않아도 맛이 너무 맛잇어요.. 너무 부드럽고 겉에도 케잌 안에도 딸기 엄청많고... 건강하게 단맛에 맛에 조화가 너무 좋아서 추천해요 부부 두분이 직접 만드셔서 엄마아빠가 해준기분.. 너무너무너무너무너무 맛잇어서 흑백요리사2 출연 추천해드리고싶어요 베이커리의 숨은고수 베이커리의 권위자 베이커리의 진또배기 베이커리의 재야의 고수 사람들이 너무 모르시는거 같아서 글올려요 걍 고민하지말고 진짜 먹어보세요 개 존 맛 .... (???o????? ? o????????) 국고애들 사이에선 유명하더라구요.... (먹는방법이 일반케잌과 조금 달라요!) 퍼먹는 스타일(?) 개 맘에듬 작은거 만칠천원대 큰거 이만사천원대 가격도 착함...... ㄹㅇ 그리고 하트 슈크림빵 있는데 이게또 진또배기임. 입에 녹는 빵은 또 처음 먹어보네 진짜로 아오 #케이크 #연말모임 #크리스마스 #맛집 #빵 #베이커리 #국악고 #개포동 #착한가격 #흑백요리사
A9: 범례
A10: 초록색 글자 = 제안 기법(proposed) 선택 / 주황색 글자 = 베이스라인(baseline) 선택
A11: 회색 음영 행 = 사전 설명 절차 미실시로 분석에서 제외된 응답자
A12: 문항 본문 및 응답 텍스트는 구글폼 원본을 수정 없이 그대로 보존함.

Sheet 설문 2차 응답(원본)
A1: 설문 2차 응답(원본) (2025-09-15 실시)
A2: 타임스탬프 | B2: 분석 사용 여부 | C2: Q1. 저는 20대 중반 남성으로, 외향적이고 키가 큰 여성분과 매칭되었으면 좋겠습니다. 다만 성격이 맞기만 한다면 조건에 맞지 않아도 괜찮아서, 일단 만나보고 싶습니다. | D2: Q2. 내일 2/14 노매뉴얼 플래그십스토어 가실분 내일 노매뉴얼 플래그십 스토어 프레젠테이션 가실 예정이셨거나 같이 가실 분 있나여,, 프레젠테이션 애프터파티까지 가시면 더 좋겠어여 사진 첨부해놓을게여 | E2: Q3. 임상심리사로서 유아부터 성인까지 종합심리검사를 제공해 드립니다. 정서, 성격, 지능 등 다양한 심리적 특성을 전문적으로 평가하여 당신의 마음을 이해하는 데 도움을 드릴게요. 서울 성북구에서 대면검사와 비대면 해석상담 모두 가능합니다. | F2: Q4. 드럼 배우고 싶은분 *삼정동 수잔드럼 *인천 삼산동 KGS뮤직 가까운쪽으로 하시면됩니다 연락주세요 ~~ | G2: Q5. 신촌 보드게임 모임 들어가고 싶어요! | H2: Q6. 중등 영어 내신 관리와 수능 대비를 도와드립니다! 주 2-3회, 90분 수업으로 문법, 독해, 작문, 단어 역량을 체계적으로 강화해 드리고, 학생 개개인의 레벨에 맞춰 맞춤형 커리큘럼을 제공합니다. 아이의 성장을 진심으로 돕는 선생님이 되겠습니다. | I2: Q7. 친구 구합니다... #맛집, #외국인 | J2: Q8. 장위동에 맛있고 싼아귀찜 파는곳 요즈음. 솔로가 많은 시대입니다. 혼자서 식당가면 죄지은 사람처럼 미안하기도 한데요. 특히 가끔은 아귀찜을 먹고싶을때가 면 小짜가 35,000원이라 혼자서 잠깐 먹고나오려면 너무 부담이 됩니다. 혹시小짜 2만원을정도로하여 하는 식당이 장위동에 있을까요? | K2: Q9. 음악 하시거나 좋아하고 로스트아크( 뉴비) 인 친구하실 분! 로스트아크 재밌어서 하는데 로아하는 친구가 없어요ㅜㅜ 저는 33살 남자고 정상인이고 음악하고 있습니다! 만약 운동까지 하신다면 최고! https://youtu.be/DAjBhGxMSQ4?si=AVkMB5tdSn_wal-J | L2: Q10. 남가좌 북가좌 이동네 야장 있나요!? 날씨도 좋고 해서 야장 가고 싶은데 이동네에도 갈만한데가 있나 추천 부탁드려요!ㅎㅎ | M2: Q11. 댄스 무료체험 제가 다니는 댄스학원에서 오픈 기념으로 일주일동안 모든 스트릿댄스들을 무료로 들을 수 있는 기회가 있어 공유합니다 주안역이랑 시민공원역 중간에 있고 사랑병원 근처 도시락김밥? 2층이에요 힙라이온 댄스학원이라고 주황색간판이에요 1월20일 월요일부터 25일 토요일 방송댄스까지... 하고 싶은 수업 2가지를 예약하시면 들으실 수 있다고 합니다 아!그리고 SNS리뷰하면 더 많은 수업을 듣을 수 있는거 같더라구요 물론 예약 해서 해보세요(선착순이랍니다^^) 힙라이온 댄스학원생은 행사하고 있는 수업 다 들을 수 있다고 합니다 인테리어가 독특하고 넓고 조명도 예뻐서 춤 출맛 납니다 댄스홀이 두군데 있는데 학원생은 언제든 홀이 비면 연습도 가능합니다 운동하시려는 분들 함 참고 해보세요!!! | N2: Q12. 영어 혹은 중국어(광둥어)로만 대화하실 분 영어회화 잘 하고 싶은데 영어 쓸 기회가 없어서요 중국어는 잘하는데 역시 쓸 기회가 없네요 광둥어도 말하고 싶어요 참고로 만 33살 남자 입니다. 외국인 대환영, 한국인도 한국어만 안쓴다면 괜찮아요 #동네친구 #영어회화 #중국어회화 | O2: Q13. 유튜브 크루를 구합니다 안녕하세요 저는현재 만14세인 중학생입니다.제가 진로를 어떻게 할지 고민하다가 유튜버로 선택을 한 상황입니다.유튜브를 하면서 같이 편집,촬영을하고 취미생활로 즐길수도 있는 그런 분들을 구합니다.문론 제가 재밌는 영상을 만들어서 수익창출츨 하게되면 그 수익금을 나누겠습니다. 현재 제 집에는 Vegas pro2.0이 편집프로그램으로 깔려있고 s23 fe가 카메라인 상황입니다. 개인장비를 가져와 주신다면 감사하겠지만 제가 가진 장비를 빌려서 쓰셔도 됩니다. 채널윤곽은 참여하실 분들을 대비해서 아직 안잡아놓은 상황입니다.같이 함께할 크루라도 왔으면 하는 마음에서 글을 올립니다.아 참고로 저는 밀리터리,게임,기차,프라모델,항공기,음식,노래부르기 독서,운동과 다양한 음악장르를 좋아합니다.문론 원하시는 장르가 있으시면장르 수정도 됩니다같이 참여하고 싶은 분을한텐 언제나 연락되니 꼭연락 주시면 감사하겠습니다.구독자 100명을 꿈꾸며 이제 그만 들어가 봅니다.좋은 아이디어 있으시면 연락 주세요! | P2: Q14. Django 회원가입 구현 혼자해보려는데 계속 안되서.. 혹시 도와주실 분 계신가요?? | Q2: Q15. 중국어 알려주실분 ???? 안녕하세요 올해 25살 여자입니다 ! 중국어에 관심이 생겨 공부를 해보고싶은데 사실 학원갈시간도 마땅치않고 근처에 학원이 있는지도 모르겠어서 ... 중국어 과외나 아니면 친구처럼 전화하시면서 알려주실수있는분 구해요 ! 자격증 공부보단 현지사람들과 이야기하고싶어서 회화를 더중요하게 생각해요 ( 중국인 친구 사귀고픔 ) 아니면 뭐 산책하면서 같이 얘기해도 괜찮구 뭐든 괜찮아용 ???? 비용부분은 연락주시면서 같이 알려주시면 감사할거같아용 ??#중국어 | R2: Q16. 영등포 바밤바! 가보신 분 계실까요? 유명하다해서 가보고는 싶은데.. 혼자가도 괜찮은지, 위스키도 있는지 궁금해요! | S2: Q17. 건강 기능성 제품 SNS 광고 모델을 찾고 있어요! 러닝을 좋아하고 탄탄한 몸매의 20~30대 여배우와 남배우 각 1명을 모집합니다. 5월 20일 오후에 서울 야외 트랙에서 진행되는 촬영이며, 페이는 25만원입니다. 관심 있으신 분들의 많은 지원 바랍니다! | T2: Q18. 선정고쪽에 생긴 고기종점 우연히 지나가다 들어가서 먹었는데 밑반찬도 잘나오고 고기가 진짜 부드럽고 맛있네요(강추!!) | U2: Q19. 쉬는 날 뭐하시나요 좋은 취미 공유해주세요~~ | V2: Q20. 한화는 오늘도 행복합니다~~ 노시환이 동점홈런 쳤을때...혹시나하고... 문현빈이 2루타 치고 나갔을때도 혹시나하고... 주현상이 올라왔을때도..혹시나했는데!!!!!! 역시나!!!! 오늘도 행복 하구나!!!!! 쿨럭...ㅠㅅㅠ
A3: 2025-09-15 20:43:31 | B3: 사용 (평가자 A) | C3: 경기도에 거주중인 27살 여성입니다! 평소에도 대화하는 걸 굉장히 즐겨하고, 주위에서 밝은 성격이라는 소리를 자주 듣습니다. 맛집, 분위기 있는 가게 등 예쁜 곳에서 예쁜 추억 쌓을 수 있는 것도 좋아합니다! 비슷한 또래의 20대 남성이면 좋을 것 같아요! | D3: 패션에 관심 있는분? 패션에 관심 있는분? 같이 옷보러다니고 서로 스타일링해주실 분? 구해요!?? 어떤 옷이 내 체형과 분위기에 맞는지 모르겠다고요? 무작정 유행만 따라는게 답은 아닙니다. 그치만 하나보단 둘이서 서로에게 어울리는 스타일을 추천해주고, 같이 패션에대해 이야기할 분을 찾아요! 패션에대해 잘 모르더라도 같이 재밌게 스타일링하실분?? 캠퍼스룩 아직 모르겠다!하는 대학새내기도 좋아요:) 같이 1.펄스널컬러, 체형분석 2.기본템으로 완성하는 느낌있는 코디 3.패션트렌드 이야기 4.스타일링 팁 공유할 분! | E3: 요즘 감정 기복이 심하고 내가 어떤 사람인지 알고 싶어요. 전문적인 심리검사를 통해 내 성격과 감정을 이해하고 싶은데, 통합정서검사 패키지를 제공하는 임상심리사 선생님을 찾고 있어요. 비대면으로 상담받을 수 있는 분이면 더 좋을 것 같아요. | F3: 드럼 배우고싶습니다. 30대이구요 스트레스 및 취미활동 하고싶습니다! 위치 가격 ㅜ괜찮은곳 추천이나 연락처좀주시면 감사드립니다!! | G3: 보드게임 머더미스테리 마피아 하실 분~ 보드게임 크라임씬, 마피아, 머더미스테리 하실 분~ 2월 28일 금요일 밤샘 보드게임 하실 분 모집합니다~! 서울 신촌에서 가게 빌려서 보드게임 모임 하려해요 혼자오셔도 지인과오셔도 모두 환영입니다 비용 : 2만원정도의 식사비용 시작시간: 저녁9시시작 끝나는 시간: 새벽 5시 (그전에 가셔도 됩니다~) 현재 모집된 인원 :남여 10명 나이제한 : 20세이상 45세 이하 초보자가능합니다 게임 잘 알려드려요 보드게임 없으셔도 됩니다 저희가 가져와요 하시고 싶은 보겜 가져오셔도 돼용 방장 보유 보겜: 머더미스테리,파티게임,마피아게임 참석원하시면 덧글 남겨주세용 채팅드릴게요~ | H3: 영어 과외 구해요! 영어 회화에 관심 있고 오픽 시험도 볼 계획입니다! 학원은 조금 지루할까봐 과외를 생각중인데 해외 경험 있으신 선생님 추천 부탁드려요 | I3: 언어 교환할 외국인 친구 있을까요? 언어교환할 외국인 친구를 찾아요~ 영어 일본어 모두 좋습니다! 한국의 문화 탐방, 카페, 맛있는 음식 대접할 수 있습니다. 30대 후반 남자이고 언어에 아주 관심이 많습니다 ^^ #언어교환 | J3: 3천원 짜장 5천원 짬뽕 4천원 탕슉 본토반점 분식집 라면보다 싼데 맛은 고퀼인 3천원짜리 짜장이 있어버려 중상동을 화나게 만든 그곳 그럼 짬뽕이라도 트집잡아 볼까하다 내혀가 빠져 허우적댄 5천 짬뽕 마성의 국물이 있는곳 게다가 탕수육 소짜도 착하게 4천원이라 친절히 고기까지 먹여주시는 온정이 있어버려 좋아부렀다 이리하여 12000원 탈탈털어 짜장, 짬뽕, 탕슉 까지 도장깨버린 중상동 모든 중식당들 공공의 적, 암살자를 보내려 준비중인 표적 부천역 자유시장내 본토반점 볶음밥도 맛나유 가서 머거유 5천원 쟁반짜장 6천원유 재료 튼실해유 | K3: 로스트아크 동네친구하실분~ 로스트아크 간간히 인사하고 종종 레이드도 같이 빼실분~매너있으신분 구해용용용 저는 카제섭 입니다 #로스트아크#로아#동네친구#게임 | L3: 날씨도 좋고 야장 어때요?! 잠실황소곱창 잇다가 친구들하고 여기 가려고해요~ 야장도잇고해서 만남장소로 아주좋을거같습니다 제가 갓다와서 리뷰남길께요 ㅎ~!! | M3: 힙합 댄스학원 아시는분?.. 요새 힙클에 푹 빠져서 배워보고 싶은데 아시는곳 있으면 추천 부탁드려요! | N3: 안녕하세요 한국어랑 언어교환 하실 중국, 대만분이나 광둥어 하시는 홍콩 분 찾아요! 일주일에 한번 정도 카페에서 서로 언어교환 하면 좋겠어요 친해지면 놀면서 언어도 같이 배워요 #언어교환 #중국어 #광둥어 | O3: 무료로 영상편집 필요하신 분 있으실까요 이제 막 영상편집 입문한 직장인입니다! 프리미어 프로로 영상 만들어 보고 실력을 좀 더 올리고 싶기도 하고 포트폴리오가 필요하기도 해서 필요하신 분들 무료로 영상 제작해드리려 합니다. 트랜드에 맞는 영상 퀄리티 뽑아낼 수 있도록 최선을 다해보겠습니다 추억 영상이 필요하시거나 제작하기 귀찮은데 한 번 맡겨나 보고 싶은 분, 개인 유투브 운영중에 일 손이 필요하신 분 모두 환영입니다 | P3: 웹 개발 인턴으로 참여하고 싶습니다! React와 자바스크립트를 사용해 간단한 웹 애플리케이션을 만들어본 경험이 있어요. 아직 경력은 많지 않지만, 더 배우고 싶습니다. | Q3: 제가 중국어를 자유자제 대화 가능해서 재능 기부 할려고 하는데! 관심있는 분 댓글 주세요~ #재능기부 #중국어 | R3: 날씨 좋은데 여자 혼자 가기 좋은 술집/ 바 추천해주세요! 지금 당장이요ㅎㅎ 날씨가 너무 좋아서 퇴근 후 그냥 집에 들어가기 넘 아쉽네요.. 여자 혼자 가기 좋은 혼술 바! 추천해주세요~ 야외 테이블 있음 더 좋구요…! 역삼역/강남역 주변으로요ㅎㅎ 아니면 같이 가실 여자분ㅎㅎ 구하는것도 이상하네요ㅠ 혼자 갈 용기가 안나요ㅠ 아몰라아아아아아 그냥 내일을 위해 이른 취침을 해야하나ㅜㅜ | S3: 저는 사무기기 회사 광고 모델 오디션에 관심 있는 20-30대 직장인 여성입니다. 세련되고 고급진 이미지로 멋진 광고 모델에 도전하고 싶어요. 전문적이고 깔끔한 비주얼로 함께 멋진 광고를 만들어보고 싶습니다. 관심 있으신 캐스팅 담당자분, 저의 포트폴리오를 꼭 확인해주세요! | T3: 진관동 고기맛집 추천 부탁드려요?? 제가 고기를 잘 먹지 않는 편인데 회식장소를 골라야해서..?????? 돼지,소,닭고기 등 종류 가리지 않습니다! 구워먹거나 그냥 고기파는 음식점 다 좋숩니다! 개인적으로 가봤는데 맛이 괜찮았다 싶은 곳 댓글 부탁드려뇨~!! | U3: 같이 운동 하실 여자분 잠실 강남 송파^^ 서울에 아는 사람이 없어서 심심했는데 우연하게 여자 풋살을 배우게 되었어요???? 재미 있어서 같이 운동 다니실 여자분 있으실까요??? 광고 목적 말고..종교 말고 건전하게 운동하고 건강하게 지내실 분들 있었으면 좋겠습니다~ 가끔 밥도 먹구요~~^^ | V3: 11일 한화 키움 cgv로 보러가실분…? 한화팬인데,, 최근에 서울로 취업해서 올라왔어요 ?? 같이 보러갈 친구도 없구,, 주변에 한화팬도 거의 없고 ㅜ 있어도 오프 활동을 다들 안해서… 이번 주말에 같이 한화 응원하실분…?! 저는 20대 중반 여성인데 비슷한 나잇대였으면 좋겠어요… 그냥 편하게 야구 친구해요ㅠㅠ #한화이글스
A4: 2025-09-15 21:33:43 | B4: 사용 (평가자 C) | C4: 경기도에 거주중인 27살 여성입니다! 평소에도 대화하는 걸 굉장히 즐겨하고, 주위에서 밝은 성격이라는 소리를 자주 듣습니다. 맛집, 분위기 있는 가게 등 예쁜 곳에서 예쁜 추억 쌓을 수 있는 것도 좋아합니다! 비슷한 또래의 20대 남성이면 좋을 것 같아요! | D4: 패션에 관심 있는분? 패션에 관심 있는분? 같이 옷보러다니고 서로 스타일링해주실 분? 구해요!?? 어떤 옷이 내 체형과 분위기에 맞는지 모르겠다고요? 무작정 유행만 따라는게 답은 아닙니다. 그치만 하나보단 둘이서 서로에게 어울리는 스타일을 추천해주고, 같이 패션에대해 이야기할 분을 찾아요! 패션에대해 잘 모르더라도 같이 재밌게 스타일링하실분?? 캠퍼스룩 아직 모르겠다!하는 대학새내기도 좋아요:) 같이 1.펄스널컬러, 체형분석 2.기본템으로 완성하는 느낌있는 코디 3.패션트렌드 이야기 4.스타일링 팁 공유할 분! | E4: 요즘 감정 기복이 심하고 내가 어떤 사람인지 알고 싶어요. 전문적인 심리검사를 통해 내 성격과 감정을 이해하고 싶은데, 통합정서검사 패키지를 제공하는 임상심리사 선생님을 찾고 있어요. 비대면으로 상담받을 수 있는 분이면 더 좋을 것 같아요. | F4: 드럼 배우고싶습니다. 30대이구요 스트레스 및 취미활동 하고싶습니다! 위치 가격 ㅜ괜찮은곳 추천이나 연락처좀주시면 감사드립니다!! | G4: 보드게임 머더미스테리 마피아 하실 분~ 보드게임 크라임씬, 마피아, 머더미스테리 하실 분~ 2월 28일 금요일 밤샘 보드게임 하실 분 모집합니다~! 서울 신촌에서 가게 빌려서 보드게임 모임 하려해요 혼자오셔도 지인과오셔도 모두 환영입니다 비용 : 2만원정도의 식사비용 시작시간: 저녁9시시작 끝나는 시간: 새벽 5시 (그전에 가셔도 됩니다~) 현재 모집된 인원 :남여 10명 나이제한 : 20세이상 45세 이하 초보자가능합니다 게임 잘 알려드려요 보드게임 없으셔도 됩니다 저희가 가져와요 하시고 싶은 보겜 가져오셔도 돼용 방장 보유 보겜: 머더미스테리,파티게임,마피아게임 참석원하시면 덧글 남겨주세용 채팅드릴게요~ | H4: 영어 과외 구해요! 영어 회화에 관심 있고 오픽 시험도 볼 계획입니다! 학원은 조금 지루할까봐 과외를 생각중인데 해외 경험 있으신 선생님 추천 부탁드려요 | I4: 언어 교환할 외국인 친구 있을까요? 언어교환할 외국인 친구를 찾아요~ 영어 일본어 모두 좋습니다! 한국의 문화 탐방, 카페, 맛있는 음식 대접할 수 있습니다. 30대 후반 남자이고 언어에 아주 관심이 많습니다 ^^ #언어교환 | J4: 번동 근처 낙곱새 가성비 맛집 찾아요 혼자 먹는데 원래 시켜먹던 만원대 1인분 낙곱새집이 없어져서 가성비 좋거나 엄청엄청 맛있거나 하는 낙곱새집 찾습니다 | K4: 로스트아크 동네친구하실분~ 로스트아크 간간히 인사하고 종종 레이드도 같이 빼실분~매너있으신분 구해용용용 저는 카제섭 입니다 #로스트아크#로아#동네친구#게임 | L4: 날씨도 좋고 야장 어때요?! 잠실황소곱창 잇다가 친구들하고 여기 가려고해요~ 야장도잇고해서 만남장소로 아주좋을거같습니다 제가 갓다와서 리뷰남길께요 ㅎ~!! | M4: 힙합 댄스학원 아시는분?.. 요새 힙클에 푹 빠져서 배워보고 싶은데 아시는곳 있으면 추천 부탁드려요! | N4: 안녕하세요 한국어랑 언어교환 하실 중국, 대만분이나 광둥어 하시는 홍콩 분 찾아요! 일주일에 한번 정도 카페에서 서로 언어교환 하면 좋겠어요 친해지면 놀면서 언어도 같이 배워요 #언어교환 #중국어 #광둥어 | O4: 어머, 영상편집 관심있어???? 저는 모션그래픽 쪽으로 공부하고 있는 대학생겸, 프리랜서 입니다! 요즘 유튜브 쇼츠도 도전 하시는 분들이 많은데, 같이 하나의 영상을 만들어봐도 좋을것 같고, 공모전도 같이 나가면 좋을 것 같구, 개인작업 피드백을 주고 받는것도 좋을 것 같구 등등 여러 분야에서 영감을 얻기도 좋지 않을까 싶어서 영상편집 스터디를 열게 되었슴둥! 같이 하는 운영진이 한명 더 있는데 프리미어랑 캡컷으로 마케팅쪽 현직자입니다! 저는 에펙을 주로 이용하는데 기본적인 것들은 다 알려 드릴 수 있으니 영상에 대해서 배우고싶거나 관심 있는 분들은 신청 해주세요~! [운영 계획] - 주 1-2회 모임 [진행기간] - 최소 2개월 이상은 함께 스터디 하실 수 있는 분들이면 좋겠습니다. - 공모전 참가에 관심이 있으신분은 공모전 출마완료하기 까지 미디어의 시대에서 영상과 기획을 해보는 것만큼 큰 자기계발은 없다고 생각합니다! 같이 생산적인 활동 하실 분들 댓 궈궈 | P4: 웹 개발 인턴으로 참여하고 싶습니다! React와 자바스크립트를 사용해 간단한 웹 애플리케이션을 만들어본 경험이 있어요. 아직 경력은 많지 않지만, 더 배우고 싶습니다. | Q4: 제가 중국어를 자유자제 대화 가능해서 재능 기부 할려고 하는데! 관심있는 분 댓글 주세요~ #재능기부 #중국어 | R4: 날씨 좋은데 여자 혼자 가기 좋은 술집/ 바 추천해주세요! 지금 당장이요ㅎㅎ 날씨가 너무 좋아서 퇴근 후 그냥 집에 들어가기 넘 아쉽네요.. 여자 혼자 가기 좋은 혼술 바! 추천해주세요~ 야외 테이블 있음 더 좋구요…! 역삼역/강남역 주변으로요ㅎㅎ 아니면 같이 가실 여자분ㅎㅎ 구하는것도 이상하네요ㅠ 혼자 갈 용기가 안나요ㅠ 아몰라아아아아아 그냥 내일을 위해 이른 취침을 해야하나ㅜㅜ | S4: 저는 사무기기 회사 광고 모델 오디션에 관심 있는 20-30대 직장인 여성입니다. 세련되고 고급진 이미지로 멋진 광고 모델에 도전하고 싶어요. 전문적이고 깔끔한 비주얼로 함께 멋진 광고를 만들어보고 싶습니다. 관심 있으신 캐스팅 담당자분, 저의 포트폴리오를 꼭 확인해주세요! | T4: 진관동 고기맛집 추천 부탁드려요?? 제가 고기를 잘 먹지 않는 편인데 회식장소를 골라야해서..?????? 돼지,소,닭고기 등 종류 가리지 않습니다! 구워먹거나 그냥 고기파는 음식점 다 좋숩니다! 개인적으로 가봤는데 맛이 괜찮았다 싶은 곳 댓글 부탁드려뇨~!! | U4: 같이 운동 하실 여자분 잠실 강남 송파^^ 서울에 아는 사람이 없어서 심심했는데 우연하게 여자 풋살을 배우게 되었어요???? 재미 있어서 같이 운동 다니실 여자분 있으실까요??? 광고 목적 말고..종교 말고 건전하게 운동하고 건강하게 지내실 분들 있었으면 좋겠습니다~ 가끔 밥도 먹구요~~^^ | V4: 11일 한화 키움 cgv로 보러가실분…? 한화팬인데,, 최근에 서울로 취업해서 올라왔어요 ?? 같이 보러갈 친구도 없구,, 주변에 한화팬도 거의 없고 ㅜ 있어도 오프 활동을 다들 안해서… 이번 주말에 같이 한화 응원하실분…?! 저는 20대 중반 여성인데 비슷한 나잇대였으면 좋겠어요… 그냥 편하게 야구 친구해요ㅠㅠ #한화이글스
A5: 2025-09-15 21:34:25 | B5: 사용 (평가자 E) | C5: 경기도에 거주중인 27살 여성입니다! 평소에도 대화하는 걸 굉장히 즐겨하고, 주위에서 밝은 성격이라는 소리를 자주 듣습니다. 맛집, 분위기 있는 가게 등 예쁜 곳에서 예쁜 추억 쌓을 수 있는 것도 좋아합니다! 비슷한 또래의 20대 남성이면 좋을 것 같아요! | D5: 내일 팝업스토어 함께 가실분~ 내일 신촌근처에서 타로 팝업스토어 진행되는데 함께 가실분~ 나의 운세 궁금하신분^^ | E5: 요즘 감정 기복이 심하고 내가 어떤 사람인지 알고 싶어요. 전문적인 심리검사를 통해 내 성격과 감정을 이해하고 싶은데, 통합정서검사 패키지를 제공하는 임상심리사 선생님을 찾고 있어요. 비대면으로 상담받을 수 있는 분이면 더 좋을 것 같아요. | F5: 드럼 배우고싶습니다. 30대이구요 스트레스 및 취미활동 하고싶습니다! 위치 가격 ㅜ괜찮은곳 추천이나 연락처좀주시면 감사드립니다!! | G5: 보드게임 머더미스테리 마피아 하실 분~ 보드게임 크라임씬, 마피아, 머더미스테리 하실 분~ 2월 28일 금요일 밤샘 보드게임 하실 분 모집합니다~! 서울 신촌에서 가게 빌려서 보드게임 모임 하려해요 혼자오셔도 지인과오셔도 모두 환영입니다 비용 : 2만원정도의 식사비용 시작시간: 저녁9시시작 끝나는 시간: 새벽 5시 (그전에 가셔도 됩니다~) 현재 모집된 인원 :남여 10명 나이제한 : 20세이상 45세 이하 초보자가능합니다 게임 잘 알려드려요 보드게임 없으셔도 됩니다 저희가 가져와요 하시고 싶은 보겜 가져오셔도 돼용 방장 보유 보겜: 머더미스테리,파티게임,마피아게임 참석원하시면 덧글 남겨주세용 채팅드릴게요~ | H5: 영어 과외 구해요! 영어 회화에 관심 있고 오픽 시험도 볼 계획입니다! 학원은 조금 지루할까봐 과외를 생각중인데 해외 경험 있으신 선생님 추천 부탁드려요 | I5: 언어 교환할 외국인 친구 있을까요? 언어교환할 외국인 친구를 찾아요~ 영어 일본어 모두 좋습니다! 한국의 문화 탐방, 카페, 맛있는 음식 대접할 수 있습니다. 30대 후반 남자이고 언어에 아주 관심이 많습니다 ^^ #언어교환 | J5: 번동 근처 낙곱새 가성비 맛집 찾아요 혼자 먹는데 원래 시켜먹던 만원대 1인분 낙곱새집이 없어져서 가성비 좋거나 엄청엄청 맛있거나 하는 낙곱새집 찾습니다 | K5: 로스트아크 동네친구하실분~ 로스트아크 간간히 인사하고 종종 레이드도 같이 빼실분~매너있으신분 구해용용용 저는 카제섭 입니다 #로스트아크#로아#동네친구#게임 | L5: 날씨도 좋고 야장 어때요?! 잠실황소곱창 잇다가 친구들하고 여기 가려고해요~ 야장도잇고해서 만남장소로 아주좋을거같습니다 제가 갓다와서 리뷰남길께요 ㅎ~!! | M5: 힙합 댄스학원 아시는분?.. 요새 힙클에 푹 빠져서 배워보고 싶은데 아시는곳 있으면 추천 부탁드려요! | N5: 언어교환 같이 할 분 찾아요! (English, 中文, 日本語) 현재 취업준비 중인 한국인 27세(남) 입니다! 외국어 회화 공부를 계속 더 해야할 것 같아서 같이 언어교환 나눌 이웃 찾아요 ?? ( 20대~30대초중반 ) ?? 한국어 &lt;-&gt; 중국어, 일본어 ?? 한국어, 영어 &lt;-&gt; 영어, 기타 외국어 영어로는 문제없이 커뮤니케이션 가능해요! 중국어는 오래 공부해왔지만 아직 회화에서 부족함이 많아요. 일본어도 쉬운 대화만 가능해요. 은평구나 서대문구, 마포구 일대에 사는 이웃들 중에 관심 있으신 분 계실까요?? 중국 본토, 대만, 일본 지역 출신이나 거주 경험 있으신 분이면 좋을 것같아요!!! 다른 나라에서 오신 분들도 영어로 소통할 수 있으니 환영이에요 ?? Hello ?? I am looking for a language exchange. I currently live in Eunpyeong-gu and would like to make neighbor friends from other countries. (Preferred for someone living near Eunpyeong, Mapo or Seodaemun &amp;amp; Among age of 20s~30s ) I can communicate in English. And I&amp;#39;m able to understand Chinese and Japanese. Wanna improve my conversation skills in those languages ?? (And also open to learn a new language ! ) If you are interested, please leave a comment below!! Feel free to contact me :) | O5: 무료로 영상편집 필요하신 분 있으실까요 이제 막 영상편집 입문한 직장인입니다! 프리미어 프로로 영상 만들어 보고 실력을 좀 더 올리고 싶기도 하고 포트폴리오가 필요하기도 해서 필요하신 분들 무료로 영상 제작해드리려 합니다. 트랜드에 맞는 영상 퀄리티 뽑아낼 수 있도록 최선을 다해보겠습니다 추억 영상이 필요하시거나 제작하기 귀찮은데 한 번 맡겨나 보고 싶은 분, 개인 유투브 운영중에 일 손이 필요하신 분 모두 환영입니다 | P5: 웹 개발 인턴으로 참여하고 싶습니다! React와 자바스크립트를 사용해 간단한 웹 애플리케이션을 만들어본 경험이 있어요. 아직 경력은 많지 않지만, 더 배우고 싶습니다. | Q5: 제가 중국어를 자유자제 대화 가능해서 재능 기부 할려고 하는데! 관심있는 분 댓글 주세요~ #재능기부 #중국어 | R5: 날씨 좋은데 여자 혼자 가기 좋은 술집/ 바 추천해주세요! 지금 당장이요ㅎㅎ 날씨가 너무 좋아서 퇴근 후 그냥 집에 들어가기 넘 아쉽네요.. 여자 혼자 가기 좋은 혼술 바! 추천해주세요~ 야외 테이블 있음 더 좋구요…! 역삼역/강남역 주변으로요ㅎㅎ 아니면 같이 가실 여자분ㅎㅎ 구하는것도 이상하네요ㅠ 혼자 갈 용기가 안나요ㅠ 아몰라아아아아아 그냥 내일을 위해 이른 취침을 해야하나ㅜㅜ | S5: 저는 사무기기 회사 광고 모델 오디션에 관심 있는 20-30대 직장인 여성입니다. 세련되고 고급진 이미지로 멋진 광고 모델에 도전하고 싶어요. 전문적이고 깔끔한 비주얼로 함께 멋진 광고를 만들어보고 싶습니다. 관심 있으신 캐스팅 담당자분, 저의 포트폴리오를 꼭 확인해주세요! | T5: 진관동 고기맛집 추천 부탁드려요?? 제가 고기를 잘 먹지 않는 편인데 회식장소를 골라야해서..?????? 돼지,소,닭고기 등 종류 가리지 않습니다! 구워먹거나 그냥 고기파는 음식점 다 좋숩니다! 개인적으로 가봤는데 맛이 괜찮았다 싶은 곳 댓글 부탁드려뇨~!! | U5: 같이 운동 하실 여자분 잠실 강남 송파^^ 서울에 아는 사람이 없어서 심심했는데 우연하게 여자 풋살을 배우게 되었어요???? 재미 있어서 같이 운동 다니실 여자분 있으실까요??? 광고 목적 말고..종교 말고 건전하게 운동하고 건강하게 지내실 분들 있었으면 좋겠습니다~ 가끔 밥도 먹구요~~^^ | V5: 11일 한화 키움 cgv로 보러가실분…? 한화팬인데,, 최근에 서울로 취업해서 올라왔어요 ?? 같이 보러갈 친구도 없구,, 주변에 한화팬도 거의 없고 ㅜ 있어도 오프 활동을 다들 안해서… 이번 주말에 같이 한화 응원하실분…?! 저는 20대 중반 여성인데 비슷한 나잇대였으면 좋겠어요… 그냥 편하게 야구 친구해요ㅠㅠ #한화이글스
A7: 범례
A8: 초록색 글자 = 제안 기법(proposed) 선택 / 주황색 글자 = 베이스라인(baseline) 선택
A9: 회색 음영 행 = 사전 설명 절차 미실시로 분석에서 제외된 응답자
A10: 문항 본문 및 응답 텍스트는 구글폼 원본을 수정 없이 그대로 보존함.

Sheet Ratings 통합
A1: Ratings 통합 — 40문항 × 평가자 3인
A2: 통합 번호 | B2: 설문 차수 | C2: 문항 번호 | D2: 원본 게시글(요약) | E2: 평가자 A | F2: 평가자 C | G2: 평가자 E | H2: proposed 표수 | I2: 만장일치 여부
A3: 1 | B3: 1차 | C3: 1 | D3: 성수동 혼밥 맛집 공유해영 맛집 공유해여! 성수동에서 직딩이신분들 혹은 라멘 좋아하시는분들은 성수동 멘노아지 한번가보세여! 직… | E3: proposed | F3: proposed | G3: proposed | H3: =COUNTIF(E3:G3,"proposed") -> 3 | I3: =IF(OR(H3=3,H3=0),"만장일치","불일치") -> 만장일치
A4: 2 | B4: 1차 | C4: 2 | D4: 롤 가르쳐주실분 계시려나요~~? 저는 91년생여자이고 인천이사온지는 4년정도됬어요, 동네에선 같이pc방가서 게임할친구가없네요ㅠ… | E4: proposed | F4: proposed | G4: proposed | H4: =COUNTIF(E4:G4,"proposed") -> 3 | I4: =IF(OR(H4=3,H4=0),"만장일치","불일치") -> 만장일치
A5: 3 | B5: 1차 | C5: 3 | D5: 힙클가실분.. 힙 ! 클 ! 가 ! 실 ! 분 | E5: proposed | F5: proposed | G5: proposed | H5: =COUNTIF(E5:G5,"proposed") -> 3 | I5: =IF(OR(H5=3,H5=0),"만장일치","불일치") -> 만장일치
A6: 4 | B6: 1차 | C6: 4 | D6: 바이크 라이딩 가실분 대부도가서 칼국수먹고 카페 차 한잔하고 오실분 | E6: proposed | F6: proposed | G6: proposed | H6: =COUNTIF(E6:G6,"proposed") -> 3 | I6: =IF(OR(H6=3,H6=0),"만장일치","불일치") -> 만장일치
A7: 5 | B7: 1차 | C7: 5 | D7: 컴퓨터 잘아시는분 도움 부탁드립니다ㅜ 사례 할게요 몇일전부터 컴퓨터 느려지더니 전원이 켜졌다 꺼졌다 합니다ㅜㅜ.. 고수분들 어… | E7: proposed | F7: proposed | G7: proposed | H7: =COUNTIF(E7:G7,"proposed") -> 3 | I7: =IF(OR(H7=3,H7=0),"만장일치","불일치") -> 만장일치
A8: 6 | B8: 1차 | C8: 6 | D8: 일본어를 배울 분 있으세요? 일본어를 배울 분 있으세요?일본에 14년 살았어요.일본어를 안잊고 삶을 의의있게! 친구도 사귀고 … | E8: proposed | F8: baseline | G8: proposed | H8: =COUNTIF(E8:G8,"proposed") -> 2 | I8: =IF(OR(H8=3,H8=0),"만장일치","불일치") -> 불일치
A9: 7 | B9: 1차 | C9: 7 | D9: 제품의 신뢰도와 이미지를 높일 수 있는 상세페이지가 필요해요. 스마트스토어에 입점하려는데 깔끔하고 구매를 유도하는 디자인으로 … | E9: proposed | F9: proposed | G9: proposed | H9: =COUNTIF(E9:G9,"proposed") -> 3 | I9: =IF(OR(H9=3,H9=0),"만장일치","불일치") -> 만장일치
A10: 8 | B10: 1차 | C10: 8 | D10: 미니스커트원피스/ 새상품급 44~55 17000원 81-2cm 총기장 모임룩 상견례룩 등등 너무 예쁜 원피스입니당 영상면접 볼… | E10: proposed | F10: proposed | G10: proposed | H10: =COUNTIF(E10:G10,"proposed") -> 3 | I10: =IF(OR(H10=3,H10=0),"만장일치","불일치") -> 만장일치
A11: 9 | B11: 1차 | C11: 9 | D11: 결혼기념일이라 오랜만에 대학로 연극을 보려는데 추천작이 있을까요? 결혼기념일이라 오랜만에 대학로 연극을 보려는데 추천작이 있을… | E11: proposed | F11: proposed | G11: proposed | H11: =COUNTIF(E11:G11,"proposed") -> 3 | I11: =IF(OR(H11=3,H11=0),"만장일치","불일치") -> 만장일치
A12: 10 | B12: 1차 | C12: 10 | D12: 일욜 오후마다 밴드합주하실분? 걸밴드구요, 은평구나 마포구에서 합주할듯해용 현재 구하는 세션은 일렉기타 입니당 보컬은 돌아가면… | E12: proposed | F12: proposed | G12: proposed | H12: =COUNTIF(E12:G12,"proposed") -> 3 | I12: =IF(OR(H12=3,H12=0),"만장일치","불일치") -> 만장일치
A13: 11 | B13: 1차 | C13: 11 | D13: 서울숲재즈페스티벌 같이보실 분 아는 형이랑 같이 왔는데 가셔서 혼자 남았습니다.. 혹시 같이 보실 분 계신가요? 저는 20살 … | E13: baseline | F13: baseline | G13: proposed | H13: =COUNTIF(E13:G13,"proposed") -> 1 | I13: =IF(OR(H13=3,H13=0),"만장일치","불일치") -> 불일치
A14: 12 | B14: 1차 | C14: 12 | D14: 코바늘 공방 추천 가능할까요 코바늘 취미로 해보고 싶어서 실도 사고 바늘도 삿는데 유튜브로 보고 하려고 하니까 어렵고 ㅜㅠ..… | E14: proposed | F14: proposed | G14: proposed | H14: =COUNTIF(E14:G14,"proposed") -> 3 | I14: =IF(OR(H14=3,H14=0),"만장일치","불일치") -> 만장일치
... A42: 40 | B42: 2차 | C42: 20 | D42: 한화는 오늘도 행복합니다~~ 노시환이 동점홈런 쳤을때...혹시나하고... 문현빈이 2루타 치고 나갔을때도 혹시나하고... 주현… | E42: proposed | F42: proposed | G42: proposed | H42: =COUNTIF(E42:G42,"proposed") -> 3 | I42: =IF(OR(H42=3,H42=0),"만장일치","불일치") -> 만장일치
A44: 노란 음영 = 평가자 간 판정이 갈린 문항

Sheet 평가자 프로필
A1: 평가자 프로필
A2: 평가자 | B2: 인적 정보 | C2: 1차 설문 응답 순서 | D2: 2차 설문 응답 순서 | E2: 분석 사용
A3: A | B3: 02년생, 소프트웨어학부 재학 중 | C3: 1번째 | D3: 1번째 | E3: 사용
A4: B | B4: (정보 없음) | C4: 2번째 | D4: 미참여 | E4: 제외 — 사전 설명 미실시
A5: C | B5: 98년생, 국어국문학과 졸업 | C5: 3번째 | D5: 2번째 | E5: 사용
A6: D | B6: (정보 없음) | C6: 4번째 | D6: 미참여 | E6: 제외 — 사전 설명 미실시
A7: E | B7: 96년생, 빅데이터응용학과(석사) 재학 중 | C7: 5번째 | D7: 3번째 | E7: 사용
A9: 평가자 3인은 1·2차 설문 모두에 동일하게 참여하였으며, 40문항 전체를 동일한 사전 교육 조건에서 평가함.

Sheet 분석 요약
A1: 분석 요약
A2: 아래 값은 'Ratings 통합' 시트를 참조하는 수식으로 계산됨.
A3: 구분 | B3: 1차(1–20) | C3: 2차(21–40) | D3: 통합(1–40)
A4: 문항 수 | B4: =COUNTIF('Ratings 통합'!B3:B42,"1차") -> 20 | C4: =COUNTIF('Ratings 통합'!B3:B42,"2차") -> 20 | D4: =COUNTA('Ratings 통합'!A3:A42) -> 40
A5: 총 판정 수 (문항×3인) | B5: =B4*3 -> 60 | C5: =C4*3 -> 60 | D5: =D4*3 -> 120
A6: proposed 총 표수 | B6: =SUM('Ratings 통합'!H3:H22) -> 57 | C6: =SUM('Ratings 통합'!H23:H42) -> 55 | D6: =SUM('Ratings 통합'!H3:H42) -> 112
A7: proposed 선택률 | B7: =B6/B5 -> 0.95 | C7: =C6/C5 -> 0.91666667 | D7: =D6/D5 -> 0.93333333
A8: 평가자 A 선택률 | B8: =COUNTIF('Ratings 통합'!E3:E22,"proposed")/B4 -> 0.95 | C8: =COUNTIF('Ratings 통합'!E23:E42,"proposed")/C4 -> 1 | D8: =COUNTIF('Ratings 통합'!E3:E42,"proposed")/D4 -> 0.975
A9: 평가자 C 선택률 | B9: =COUNTIF('Ratings 통합'!F3:F22,"proposed")/B4 -> 0.9 | C9: =COUNTIF('Ratings 통합'!F23:F42,"proposed")/C4 -> 0.9 | D9: =COUNTIF('Ratings 통합'!F3:F42,"proposed")/D4 -> 0.9
A10: 평가자 E 선택률 | B10: =COUNTIF('Ratings 통합'!G3:G22,"proposed")/B4 -> 1 | C10: =COUNTIF('Ratings 통합'!G23:G42,"proposed")/C4 -> 0.85 | D10: =COUNTIF('Ratings 통합'!G3:G42,"proposed")/D4 -> 0.925
A11: 다수결 proposed 우세 문항 | B11: =COUNTIF('Ratings 통합'!H3:H22,">=2") -> 19 | C11: =COUNTIF('Ratings 통합'!H23:H42,">=2") -> 19 | D11: =COUNTIF('Ratings 통합'!H3:H42,">=2") -> 38
A12: 만장일치 문항 | B12: =COUNTIF('Ratings 통합'!I3:I22,"만장일치") -> 18 | C12: =COUNTIF('Ratings 통합'!I23:I42,"만장일치") -> 16 | D12: =COUNTIF('Ratings 통합'!I3:I42,"만장일치") -> 34
A13: 만장일치 비율 | B13: =B12/B4 -> 0.9 | C13: =C12/C4 -> 0.8 | D13: =D12/D4 -> 0.85
A14: 관측 일치도 P̄ | B14: =(B12+(B4-B12)/3)/B4 -> 0.93333333 | C14: =(C12+(C4-C12)/3)/C4 -> 0.86666667 | D14: =(D12+(D4-D12)/3)/D4 -> 0.9
A15: 우연 기대 일치도 Pe (경험적) | B15: =B7^2+(1-B7)^2 -> 0.905 | C15: =C7^2+(1-C7)^2 -> 0.84722222 | D15: =D7^2+(1-D7)^2 -> 0.87555556
A16: Fleiss κ (표준) | B16: =(B14-B15)/(1-B15) -> 0.29824561 | C16: =(C14-C15)/(1-C15) -> 0.12727273 | D16: =(D14-D15)/(1-D15) -> 0.19642857
A17: Randolph free-marginal κ | B17: =(B14-0.5)/0.5 -> 0.86666667 | C17: =(C14-0.5)/0.5 -> 0.73333333 | D17: =(D14-0.5)/0.5 -> 0.8
A18: Gwet AC₁ | B18: =(B14-2*B7*(1-B7))/(1-2*B7*(1-B7)) -> 0.92633517 | C18: =(C14-2*C7*(1-C7))/(1-2*C7*(1-C7)) -> 0.84262295 | D18: =(D14-2*D7*(1-D7))/(1-2*D7*(1-D7)) -> 0.8857868
A21: 지표 산출식
A22: P̄ : 각 문항에서 평가자 3인 중 서로 일치한 쌍의 비율을 평균한 값. 만장일치 문항은 1, 2:1로 갈린 문항은 1/3.
A23: Fleiss κ : (P̄ − Pe) / (1 − Pe). Pe는 실제 관측된 범주 비율로 계산. 한쪽 범주가 압도적일 때 값이 낮아지는 카파의 역설이 나타남(Feinstein & Cicchetti, 1990).
A24: Randolph free-marginal κ : Pe를 균등분포(1/k = 0.5)로 가정. 2범주에서 PABAK(Byrt et al., 1993)과 동일하며 2P̄ − 1로도 계산됨.
A25: Gwet AC₁ : Pe를 2·π·(1−π)로 두어 편중 상황에서의 과소추정을 완화한 지표(Gwet, 2008).
A26: 주의: 어떤 지표도 원자료를 변형하지 않고 동일한 관측치에 대해 우연 보정 방식만 달리 적용한 것임.
